trip_id,vehicle_id,date,duration_min,distance_km,avg_speed_kmh,interventions,route_type,weather
T00001,V010,2024-06-01 00:00:00.000000000,134,17.8,55.6,0,mixed,clear
T00002,V012,2024-06-01 08:48:05.771543086,5,22.4,59.4,0,city,clear
T00003,V012,2024-06-01 17:36:11.543086172,180,21.3,33.2,0,mixed,fog
T00004,V003,2024-06-02 02:24:17.314629258,5,35.9,25.0,0,highway,fog
T00005,V012,2024-06-02 11:12:23.086172344,16,28.0,17.5,0,highway,clear
T00006,V007,2024-06-02 20:00:28.857715430,40,19.3,52.6,0,city,clear
T00007,V004,2024-06-03 04:48:34.629258517,28,11.4,28.4,0,highway,clear
T00008,V009,2024-06-03 13:36:40.400801603,9,2.3,12.7,0,city,snow
T00009,V003,2024-06-03 22:24:46.172344689,15,18.7,50.8,0,mixed,snow
T00010,V005,2024-06-04 07:12:51.943887775,11,15.0,82.4,0,highway,rain
T00011,V003,2024-06-04 16:00:57.715430861,9,16.0,44.9,1,city,fog
T00012,V007,2024-06-05 00:49:03.486973947,55,3.4,57.6,0,city,rain
T00013,V005,2024-06-05 09:37:09.258517034,30,4.1,46.2,0,highway,clear
T00014,V009,2024-06-05 18:25:15.030060120,8,34.9,43.5,1,mixed,clear
T00015,V007,2024-06-06 03:13:20.801603206,59,11.7,58.8,0,mixed,clear
T00016,V002,2024-06-06 12:01:26.573146292,29,24.1,40.6,0,city,rain
T00017,V004,2024-06-06 20:49:32.344689378,53,12.5,49.0,0,city,rain
T00018,V009,2024-06-07 05:37:38.116232464,42,12.6,49.8,0,city,clear
T00019,V012,2024-06-07 14:25:43.887775551,7,31.1,35.0,0,mixed,fog
T00020,V002,2024-06-07 23:13:49.659318637,10,7.3,59.9,1,city,clear
T00021,V010,2024-06-08 08:01:55.430861723,49,13.4,42.4,0,city,clear
T00022,V009,2024-06-08 16:50:01.202404809,41,7.7,33.7,1,mixed,rain
T00023,V010,2024-06-09 01:38:06.973947895,19,7.9,53.0,0,highway,rain
T00024,V005,2024-06-09 10:26:12.745490982,23,8.9,31.5,0,mixed,rain
T00025,V002,2024-06-09 19:14:18.517034068,93,15.2,45.4,0,highway,clear
T00026,V004,2024-06-10 04:02:24.288577154,9,7.5,44.9,0,highway,clear
T00027,V012,2024-06-10 12:50:30.060120240,38,42.8,61.3,1,highway,rain
T00028,V012,2024-06-10 21:38:35.831663326,15,5.0,52.1,0,mixed,clear
T00029,V007,2024-06-11 06:26:41.603206412,15,10.1,44.6,0,mixed,clear
T00030,V012,2024-06-11 15:14:47.374749499,75,7.8,57.3,2,city,rain
T00031,V008,2024-06-12 00:02:53.146292585,54,51.8,65.9,0,city,clear
T00032,V003,2024-06-12 08:50:58.917835671,53,14.8,53.4,0,city,rain
T00033,V001,2024-06-12 17:39:04.689378757,96,34.2,45.2,0,mixed,fog
T00034,V004,2024-06-13 02:27:10.460921843,20,2.8,25.3,0,city,clear
T00035,V002,2024-06-13 11:15:16.232464929,45,15.9,29.0,0,highway,clear
T00036,V008,2024-06-13 20:03:22.004008016,13,29.7,40.4,0,highway,rain
T00037,V004,2024-06-14 04:51:27.775551102,29,13.2,35.9,0,mixed,rain
T00038,V002,2024-06-14 13:39:33.547094188,17,35.4,42.2,0,city,rain
T00039,V006,2024-06-14 22:27:39.318637274,22,7.3,45.8,0,highway,fog
T00040,V006,2024-06-15 07:15:45.090180360,41,49.9,52.9,0,highway,fog
T00041,V010,2024-06-15 16:03:50.861723447,7,121.4,43.9,0,mixed,snow
T00042,V004,2024-06-16 00:51:56.633266533,180,8.5,52.3,0,highway,clear
T00043,V006,2024-06-16 09:40:02.404809619,6,7.8,46.0,0,city,clear
T00044,V002,2024-06-16 18:28:08.176352705,5,52.1,15.4,1,mixed,clear
T00045,V010,2024-06-17 03:16:13.947895791,80,59.1,30.9,0,city,clear
T00046,V012,2024-06-17 12:04:19.719438877,51,7.2,42.8,0,highway,clear
T00047,V002,2024-06-17 20:52:25.490981964,42,8.0,26.9,1,city,clear
T00048,V010,2024-06-18 05:40:31.262525050,42,9.2,54.0,0,mixed,fog
T00049,V004,2024-06-18 14:28:37.034068136,19,3.2,68.0,0,city,clear
T00050,V008,2024-06-18 23:16:42.805611222,6,4.9,63.3,0,mixed,clear
T00051,V007,2024-06-19 08:04:48.577154308,21,4.5,41.8,0,highway,clear
T00052,V012,2024-06-19 16:52:54.348697394,8,5.7,67.4,0,city,clear
T00053,V009,2024-06-20 01:41:00.120240481,64,11.8,47.2,1,city,clear
T00054,V008,2024-06-20 10:29:05.891783567,16,15.4,39.9,1,mixed,clear
T00055,V005,2024-06-20 19:17:11.663326653,7,57.4,35.8,0,highway,clear
T00056,V002,2024-06-21 04:05:17.434869739,13,4.5,40.5,1,mixed,rain
T00057,V005,2024-06-21 12:53:23.206412825,32,32.6,39.2,0,city,fog
T00058,V008,2024-06-21 21:41:28.977955911,10,9.8,47.6,0,highway,fog
T00059,V010,2024-06-22 06:29:34.749498998,7,11.6,47.4,0,highway,rain
T00060,V009,2024-06-22 15:17:40.521042084,26,23.9,45.0,0,mixed,clear
T00061,V012,2024-06-23 00:05:46.292585170,26,4.0,51.6,0,highway,fog
T00062,V012,2024-06-23 08:53:52.064128256,10,17.9,62.9,0,highway,fog
T00063,V012,2024-06-23 17:41:57.835671342,11,14.4,59.2,0,highway,clear
T00064,V009,2024-06-24 02:30:03.607214428,26,19.9,22.7,0,mixed,rain
T00065,V001,2024-06-24 11:18:09.378757515,5,16.3,10.0,0,city,clear
T00066,V009,2024-06-24 20:06:15.150300601,5,141.9,59.0,0,mixed,fog
T00067,V007,2024-06-25 04:54:20.921843687,8,6.4,24.5,0,highway,snow
T00068,V009,2024-06-25 13:42:26.693386773,15,7.2,41.6,0,city,clear
T00069,V008,2024-06-25 22:30:32.464929859,29,6.5,27.4,0,city,fog
T00070,V001,2024-06-26 07:18:38.236472945,117,7.0,18.0,1,mixed,rain
T00071,V012,2024-06-26 16:06:44.008016032,56,6.4,53.1,0,mixed,snow
T00072,V008,2024-06-27 00:54:49.779559118,16,40.0,56.4,0,highway,clear
T00073,V008,2024-06-27 09:42:55.551102204,19,50.4,36.4,0,city,fog
T00074,V011,2024-06-27 18:31:01.322645290,6,6.9,10.0,0,highway,clear
T00075,V003,2024-06-28 03:19:07.094188376,19,5.3,36.8,1,city,clear
T00076,V001,2024-06-28 12:07:12.865731463,14,19.5,50.9,1,highway,clear
T00077,V008,2024-06-28 20:55:18.637274549,29,7.0,22.8,2,highway,snow
T00078,V003,2024-06-29 05:43:24.408817635,7,22.9,47.8,0,highway,fog
T00079,V003,2024-06-29 14:31:30.180360721,37,14.9,44.8,0,city,fog
T00080,V001,2024-06-29 23:19:35.951903807,126,2.7,53.7,0,highway,fog
T00081,V011,2024-06-30 08:07:41.723446894,17,57.3,46.8,0,city,clear
T00082,V005,2024-06-30 16:55:47.494989980,32,73.4,30.4,0,city,clear
T00083,V010,2024-07-01 01:43:53.266533066,45,6.6,62.9,0,highway,clear
T00084,V007,2024-07-01 10:31:59.038076152,12,8.3,42.6,0,mixed,clear
T00085,V010,2024-07-01 19:20:04.809619238,26,16.2,44.6,0,highway,clear
T00086,V009,2024-07-02 04:08:10.581162324,20,17.0,31.0,0,city,clear
T00087,V012,2024-07-02 12:56:16.352705411,22,23.5,38.4,0,city,clear
T00088,V007,2024-07-02 21:44:22.124248497,7,90.9,31.7,1,highway,clear
T00089,V009,2024-07-03 06:32:27.895791583,20,10.2,42.4,0,highway,clear
T00090,V008,2024-07-03 15:20:33.667334669,36,5.5,70.7,0,highway,clear
T00091,V012,2024-07-04 00:08:39.438877755,114,3.1,24.4,0,mixed,snow
T00092,V002,2024-07-04 08:56:45.210420841,63,5.9,20.8,0,city,rain
T00093,V001,2024-07-04 17:44:50.981963928,180,11.8,67.1,0,city,snow
T00094,V007,2024-07-05 02:32:56.753507014,7,73.3,41.9,0,city,clear
T00095,V007,2024-07-05 11:21:02.525050100,57,7.3,35.0,0,highway,clear
T00096,V008,2024-07-05 20:09:08.296593186,25,15.2,60.6,0,city,rain
T00097,V005,2024-07-06 04:57:14.068136272,180,12.0,35.9,0,mixed,clear
T00098,V003,2024-07-06 13:45:19.839679358,7,40.0,72.4,0,highway,clear
T00099,V012,2024-07-06 22:33:25.611222445,7,152.5,55.2,0,highway,clear
T00100,V008,2024-07-07 07:21:31.382765531,9,7.2,37.7,0,highway,clear
T00101,V006,2024-07-07 16:09:37.154308617,5,7.5,77.4,1,city,clear
T00102,V011,2024-07-08 00:57:42.925851703,10,34.6,35.9,0,mixed,clear
T00103,V003,2024-07-08 09:45:48.697394789,8,24.1,56.1,0,highway,rain
T00104,V001,2024-07-08 18:33:54.468937875,24,77.2,49.5,0,city,clear
T00105,V003,2024-07-09 03:22:00.240480962,30,21.8,64.5,0,highway,clear
T00106,V005,2024-07-09 12:10:06.012024048,180,8.5,68.4,0,mixed,fog
T00107,V003,2024-07-09 20:58:11.783567134,62,22.0,45.5,1,highway,clear
T00108,V001,2024-07-10 05:46:17.555110220,10,36.9,33.7,0,city,clear
T00109,V005,2024-07-10 14:34:23.326653306,6,27.7,51.9,0,city,fog
T00110,V010,2024-07-10 23:22:29.098196392,36,20.2,34.8,0,city,clear
T00111,V007,2024-07-11 08:10:34.869739479,5,35.4,75.2,0,city,clear
T00112,V007,2024-07-11 16:58:40.641282565,180,39.2,47.0,0,highway,clear
T00113,V011,2024-07-12 01:46:46.412825651,82,48.5,39.5,1,highway,clear
T00114,V009,2024-07-12 10:34:52.184368737,11,23.3,47.8,0,highway,clear
T00115,V010,2024-07-12 19:22:57.955911823,5,10.3,24.8,1,highway,fog
T00116,V010,2024-07-13 04:11:03.727454910,101,14.1,30.4,1,city,clear
T00117,V012,2024-07-13 12:59:09.498997996,17,40.7,63.0,1,highway,clear
T00118,V003,2024-07-13 21:47:15.270541082,88,5.4,35.1,2,highway,clear
T00119,V007,2024-07-14 06:35:21.042084168,5,17.6,29.3,1,city,clear
T00120,V001,2024-07-14 15:23:26.813627254,9,8.2,53.0,0,mixed,rain
T00121,V004,2024-07-15 00:11:32.585170340,20,12.5,62.8,0,city,clear
T00122,V004,2024-07-15 08:59:38.356713427,21,43.7,55.8,0,highway,clear
T00123,V005,2024-07-15 17:47:44.128256513,11,14.7,59.9,0,highway,clear
T00124,V007,2024-07-16 02:35:49.899799599,42,12.8,33.6,0,mixed,clear
T00125,V007,2024-07-16 11:23:55.671342685,5,3.1,23.7,0,highway,clear
T00126,V011,2024-07-16 20:12:01.442885771,16,25.7,67.5,1,highway,fog
T00127,V004,2024-07-17 05:00:07.214428857,23,23.2,40.2,0,city,clear
T00128,V007,2024-07-17 13:48:12.985971944,37,106.0,41.2,0,city,clear
T00129,V011,2024-07-17 22:36:18.757515030,47,9.0,64.9,0,city,clear
T00130,V003,2024-07-18 07:24:24.529058116,5,15.2,53.3,0,highway,rain
T00131,V006,2024-07-18 16:12:30.300601202,5,15.6,51.8,0,highway,clear
T00132,V012,2024-07-19 01:00:36.072144288,93,59.0,77.5,0,mixed,rain
T00133,V002,2024-07-19 09:48:41.843687374,29,11.1,35.3,0,highway,rain
T00134,V010,2024-07-19 18:36:47.615230461,8,16.1,58.9,1,city,fog
T00135,V009,2024-07-20 03:24:53.386773547,129,22.4,45.9,0,city,clear
T00136,V005,2024-07-20 12:12:59.158316633,23,14.7,49.0,0,city,clear
T00137,V006,2024-07-20 21:01:04.929859719,82,7.8,67.9,0,highway,fog
T00138,V012,2024-07-21 05:49:10.701402805,21,14.8,52.6,0,highway,snow
T00139,V012,2024-07-21 14:37:16.472945891,180,35.6,53.1,0,city,fog
T00140,V012,2024-07-21 23:25:22.244488978,165,4.4,61.1,0,mixed,clear
T00141,V012,2024-07-22 08:13:28.016032064,14,13.9,39.5,0,mixed,clear
T00142,V004,2024-07-22 17:01:33.787575150,64,6.0,32.4,2,highway,clear
T00143,V011,2024-07-23 01:49:39.559118236,43,40.2,29.3,0,highway,rain
T00144,V010,2024-07-23 10:37:45.330661323,103,2.7,15.5,0,mixed,clear
T00145,V007,2024-07-23 19:25:51.102204409,6,7.0,75.8,0,city,clear
T00146,V012,2024-07-24 04:13:56.873747495,45,17.8,28.5,0,mixed,fog
T00147,V009,2024-07-24 13:02:02.645290581,71,58.3,41.7,0,highway,clear
T00148,V007,2024-07-24 21:50:08.416833667,5,11.4,40.8,0,city,fog
T00149,V001,2024-07-25 06:38:14.188376753,5,7.0,49.6,0,city,clear
T00150,V001,2024-07-25 15:26:19.959919840,5,79.9,57.2,0,city,clear
T00151,V009,2024-07-26 00:14:25.731462926,14,2.9,57.9,2,city,clear
T00152,V011,2024-07-26 09:02:31.503006012,47,2.0,36.3,0,highway,rain
T00153,V009,2024-07-26 17:50:37.274549098,121,18.9,42.5,1,city,clear
T00154,V004,2024-07-27 02:38:43.046092184,21,7.4,49.2,1,highway,clear
T00155,V009,2024-07-27 11:26:48.817635270,141,4.4,41.3,1,city,snow
T00156,V003,2024-07-27 20:14:54.589178357,5,24.7,69.1,2,mixed,clear
T00157,V007,2024-07-28 05:03:00.360721443,5,15.5,52.4,0,highway,clear
T00158,V006,2024-07-28 13:51:06.132264529,18,6.9,56.0,1,mixed,clear
T00159,V008,2024-07-28 22:39:11.903807615,31,3.4,54.9,1,highway,clear
T00160,V011,2024-07-29 07:27:17.675350701,19,29.2,62.6,0,city,rain
T00161,V009,2024-07-29 16:15:23.446893788,5,23.3,47.7,0,mixed,clear
T00162,V005,2024-07-30 01:03:29.218436874,18,11.0,25.5,0,highway,clear
T00163,V001,2024-07-30 09:51:34.989979960,5,77.2,51.0,1,highway,clear
T00164,V003,2024-07-30 18:39:40.761523046,44,4.2,35.2,0,city,rain
T00165,V010,2024-07-31 03:27:46.533066132,31,2.6,37.1,0,highway,clear
T00166,V012,2024-07-31 12:15:52.304609218,6,6.1,53.8,0,city,clear
T00167,V008,2024-07-31 21:03:58.076152305,10,11.6,63.6,2,mixed,clear
T00168,V011,2024-08-01 05:52:03.847695391,5,15.5,45.3,1,city,clear
T00169,V006,2024-08-01 14:40:09.619238477,18,9.6,49.6,0,highway,clear
T00170,V008,2024-08-01 23:28:15.390781563,63,17.3,70.5,1,city,clear
T00171,V009,2024-08-02 08:16:21.162324649,6,3.5,48.6,0,city,fog
T00172,V004,2024-08-02 17:04:26.933867735,36,51.6,84.0,1,highway,clear
T00173,V001,2024-08-03 01:52:32.705410822,10,11.2,53.5,2,city,fog
T00174,V001,2024-08-03 10:40:38.476953908,7,37.2,18.6,1,city,snow
T00175,V010,2024-08-03 19:28:44.248496994,17,17.2,56.3,0,city,clear
T00176,V004,2024-08-04 04:16:50.020040080,5,19.2,50.7,0,highway,clear
T00177,V012,2024-08-04 13:04:55.791583166,10,21.5,64.3,1,city,clear
T00178,V007,2024-08-04 21:53:01.563126252,5,19.1,55.1,0,highway,rain
T00179,V002,2024-08-05 06:41:07.334669339,180,23.2,42.9,0,highway,clear
T00180,V003,2024-08-05 15:29:13.106212425,20,46.0,26.6,0,mixed,clear
T00181,V001,2024-08-06 00:17:18.877755511,8,14.8,41.9,0,city,clear
T00182,V005,2024-08-06 09:05:24.649298597,25,24.8,32.2,0,highway,fog
T00183,V001,2024-08-06 17:53:30.420841683,17,11.1,36.3,0,highway,rain
T00184,V008,2024-08-07 02:41:36.192384769,15,51.4,53.8,0,highway,clear
T00185,V001,2024-08-07 11:29:41.963927856,41,6.2,70.0,1,highway,rain
T00186,V011,2024-08-07 20:17:47.735470942,49,73.8,50.9,0,highway,clear
T00187,V001,2024-08-08 05:05:53.507014028,10,11.7,27.1,1,highway,clear
T00188,V002,2024-08-08 13:53:59.278557114,10,2.9,51.7,1,city,fog
T00189,V002,2024-08-08 22:42:05.050100200,14,13.8,62.9,1,city,clear
T00190,V012,2024-08-09 07:30:10.821643286,5,6.2,35.9,0,city,clear
T00191,V006,2024-08-09 16:18:16.593186373,5,28.2,43.0,0,city,clear
T00192,V007,2024-08-10 01:06:22.364729459,103,6.3,45.2,1,highway,fog
T00193,V005,2024-08-10 09:54:28.136272545,144,7.8,33.2,0,mixed,rain
T00194,V001,2024-08-10 18:42:33.907815631,14,2.0,54.7,1,mixed,rain
T00195,V001,2024-08-11 03:30:39.679358717,40,7.8,43.2,0,mixed,rain
T00196,V003,2024-08-11 12:18:45.450901804,29,2.0,51.3,1,mixed,clear
T00197,V002,2024-08-11 21:06:51.222444890,180,2.5,31.7,0,mixed,clear
T00198,V005,2024-08-12 05:54:56.993987976,76,26.1,38.4,0,city,clear
T00199,V012,2024-08-12 14:43:02.765531062,17,26.7,55.8,0,highway,clear
T00200,V010,2024-08-12 23:31:08.537074148,6,18.6,39.4,0,city,clear
T00201,V006,2024-08-13 08:19:14.308617234,5,4.6,70.9,0,city,fog
T00202,V007,2024-08-13 17:07:20.080160321,25,11.6,39.0,0,city,clear
T00203,V004,2024-08-14 01:55:25.851703407,8,12.1,48.4,0,city,clear
T00204,V007,2024-08-14 10:43:31.623246493,5,3.8,59.0,0,highway,clear
T00205,V011,2024-08-14 19:31:37.394789579,9,54.8,23.7,0,highway,clear
T00206,V008,2024-08-15 04:19:43.166332665,5,29.3,18.6,2,mixed,fog
T00207,V011,2024-08-15 13:07:48.937875751,152,9.8,22.1,1,city,clear
T00208,V001,2024-08-15 21:55:54.709418838,57,12.5,63.9,0,city,clear
T00209,V006,2024-08-16 06:44:00.480961924,19,15.0,36.7,0,highway,rain
T00210,V008,2024-08-16 15:32:06.252505010,118,2.0,83.4,0,highway,clear
T00211,V005,2024-08-17 00:20:12.024048096,22,9.5,36.5,1,mixed,clear
T00212,V004,2024-08-17 09:08:17.795591182,7,6.2,47.8,0,city,clear
T00213,V002,2024-08-17 17:56:23.567134268,124,4.5,68.1,0,mixed,clear
T00214,V006,2024-08-18 02:44:29.338677355,38,9.2,75.1,0,city,snow
T00215,V006,2024-08-18 11:32:35.110220441,5,73.5,75.9,0,city,rain
T00216,V011,2024-08-18 20:20:40.881763527,15,23.1,63.1,0,highway,clear
T00217,V001,2024-08-19 05:08:46.653306613,7,6.9,60.4,0,city,fog
T00218,V009,2024-08-19 13:56:52.424849699,5,21.6,53.9,2,city,clear
T00219,V012,2024-08-19 22:44:58.196392785,61,49.4,56.7,1,city,clear
T00220,V011,2024-08-20 07:33:03.967935872,180,30.7,36.7,0,city,clear
T00221,V006,2024-08-20 16:21:09.739478958,5,12.9,32.7,0,mixed,clear
T00222,V003,2024-08-21 01:09:15.511022044,39,6.4,44.9,0,highway,clear
T00223,V004,2024-08-21 09:57:21.282565130,9,24.5,42.4,1,mixed,rain
T00224,V012,2024-08-21 18:45:27.054108216,11,18.1,38.2,0,highway,fog
T00225,V011,2024-08-22 03:33:32.825651302,9,29.8,55.4,0,city,clear
T00226,V004,2024-08-22 12:21:38.597194389,7,23.0,59.3,0,highway,clear
T00227,V003,2024-08-22 21:09:44.368737475,21,34.8,46.3,1,highway,clear
T00228,V010,2024-08-23 05:57:50.140280561,7,7.1,67.2,0,city,clear
T00229,V003,2024-08-23 14:45:55.911823647,27,45.5,27.9,0,highway,clear
T00230,V003,2024-08-23 23:34:01.683366733,18,14.8,42.1,0,city,clear
T00231,V004,2024-08-24 08:22:07.454909820,15,97.1,34.2,0,mixed,fog
T00232,V007,2024-08-24 17:10:13.226452906,6,6.1,17.0,0,highway,clear
T00233,V004,2024-08-25 01:58:18.997995992,10,69.1,43.8,0,mixed,clear
T00234,V009,2024-08-25 10:46:24.769539078,49,14.8,43.2,0,city,clear
T00235,V001,2024-08-25 19:34:30.541082164,36,6.4,67.7,1,city,clear
T00236,V008,2024-08-26 04:22:36.312625250,6,7.5,54.5,0,highway,clear
T00237,V007,2024-08-26 13:10:42.084168337,22,8.8,29.6,0,highway,rain
T00238,V002,2024-08-26 21:58:47.855711423,49,18.6,72.8,0,highway,clear
T00239,V008,2024-08-27 06:46:53.627254509,5,20.5,63.3,1,highway,rain
T00240,V001,2024-08-27 15:34:59.398797595,38,6.9,53.7,0,highway,clear
T00241,V011,2024-08-28 00:23:05.170340681,9,11.9,41.6,0,city,clear
T00242,V012,2024-08-28 09:11:10.941883767,39,103.8,30.6,0,mixed,clear
T00243,V009,2024-08-28 17:59:16.713426854,8,68.5,39.4,0,mixed,fog
T00244,V009,2024-08-29 02:47:22.484969940,5,18.8,61.3,0,city,clear
T00245,V002,2024-08-29 11:35:28.256513026,5,12.7,73.3,1,highway,rain
T00246,V007,2024-08-29 20:23:34.028056112,21,13.7,68.1,0,highway,clear
T00247,V010,2024-08-30 05:11:39.799599198,27,22.5,37.7,0,highway,rain
T00248,V003,2024-08-30 13:59:45.571142284,6,4.4,28.2,0,highway,clear
T00249,V007,2024-08-30 22:47:51.342685371,43,9.4,47.1,0,city,rain
T00250,V012,2024-08-31 07:35:57.114228457,5,2.3,18.5,0,city,clear
T00251,V010,2024-08-31 16:24:02.885771543,18,18.2,49.8,0,highway,fog
T00252,V009,2024-09-01 01:12:08.657314629,5,23.3,42.8,1,highway,clear
T00253,V004,2024-09-01 10:00:14.428857715,9,7.5,38.0,0,mixed,clear
T00254,V012,2024-09-01 18:48:20.200400801,21,58.8,21.1,1,mixed,clear
T00255,V001,2024-09-02 03:36:25.971943888,7,3.6,52.7,0,highway,fog
T00256,V002,2024-09-02 12:24:31.743486974,12,2.8,37.0,0,mixed,clear
T00257,V001,2024-09-02 21:12:37.515030060,67,15.2,27.5,0,mixed,rain
T00258,V012,2024-09-03 06:00:43.286573146,10,34.7,10.0,1,highway,clear
T00259,V005,2024-09-03 14:48:49.058116232,54,65.6,44.6,1,highway,clear
T00260,V005,2024-09-03 23:36:54.829659319,5,7.7,71.6,0,city,clear
T00261,V011,2024-09-04 08:25:00.601202405,37,35.8,69.9,1,mixed,snow
T00262,V007,2024-09-04 17:13:06.372745491,113,11.7,38.1,1,mixed,rain
T00263,V009,2024-09-05 02:01:12.144288577,5,10.3,36.0,0,highway,fog
T00264,V009,2024-09-05 10:49:17.915831663,7,29.5,52.0,0,highway,clear
T00265,V003,2024-09-05 19:37:23.687374749,40,23.4,30.0,0,city,rain
T00266,V003,2024-09-06 04:25:29.458917836,15,2.5,49.5,0,city,rain
T00267,V003,2024-09-06 13:13:35.230460922,31,53.3,56.5,0,highway,clear
T00268,V004,2024-09-06 22:01:41.002004008,9,48.4,63.4,0,mixed,fog
T00269,V008,2024-09-07 06:49:46.773547094,22,6.5,43.5,0,city,fog
T00270,V006,2024-09-07 15:37:52.545090180,16,18.1,41.9,0,mixed,fog
T00271,V008,2024-09-08 00:25:58.316633266,81,20.0,31.8,0,mixed,rain
T00272,V001,2024-09-08 09:14:04.088176353,27,15.8,32.6,1,city,clear
T00273,V008,2024-09-08 18:02:09.859719439,30,7.0,41.6,1,city,clear
T00274,V004,2024-09-09 02:50:15.631262525,12,6.2,50.5,0,city,snow
T00275,V011,2024-09-09 11:38:21.402805611,11,11.9,58.7,0,highway,clear
T00276,V001,2024-09-09 20:26:27.174348697,11,39.4,33.0,1,city,rain
T00277,V008,2024-09-10 05:14:32.945891783,32,21.0,67.4,0,highway,rain
T00278,V004,2024-09-10 14:02:38.717434870,12,8.4,40.9,0,city,rain
T00279,V006,2024-09-10 22:50:44.488977956,28,26.4,44.7,1,highway,snow
T00280,V008,2024-09-11 07:38:50.260521042,180,2.0,33.8,0,highway,clear
T00281,V004,2024-09-11 16:26:56.032064128,57,38.4,10.0,0,highway,clear
T00282,V003,2024-09-12 01:15:01.803607214,13,2.1,58.3,0,highway,clear
T00283,V009,2024-09-12 10:03:07.575150300,84,8.5,56.1,0,city,clear
T00284,V003,2024-09-12 18:51:13.346693387,12,4.0,40.8,0,city,clear
T00285,V009,2024-09-13 03:39:19.118236473,5,3.3,46.0,0,city,clear
T00286,V002,2024-09-13 12:27:24.889779558,5,38.9,52.7,1,highway,fog
T00287,V002,2024-09-13 21:15:30.661322646,5,7.6,21.6,1,highway,fog
T00288,V002,2024-09-14 06:03:36.432865732,13,17.2,37.1,0,highway,clear
T00289,V006,2024-09-14 14:51:42.204408818,20,11.6,56.9,0,highway,clear
T00290,V003,2024-09-14 23:39:47.975951904,150,19.6,26.2,0,mixed,fog
T00291,V009,2024-09-15 08:27:53.747494990,29,13.2,49.4,1,highway,clear
T00292,V004,2024-09-15 17:15:59.519038076,15,3.4,24.7,0,highway,clear
T00293,V001,2024-09-16 02:04:05.290581162,54,33.0,52.0,0,highway,clear
T00294,V004,2024-09-16 10:52:11.062124248,5,7.4,44.5,0,highway,clear
T00295,V001,2024-09-16 19:40:16.833667334,26,2.6,20.8,0,city,clear
T00296,V005,2024-09-17 04:28:22.605210420,50,7.9,62.5,0,city,snow
T00297,V004,2024-09-17 13:16:28.376753506,5,54.6,34.0,0,highway,clear
T00298,V008,2024-09-17 22:04:34.148296594,79,28.5,32.8,0,highway,clear
T00299,V008,2024-09-18 06:52:39.919839680,30,8.6,48.0,0,highway,clear
T00300,V007,2024-09-18 15:40:45.691382766,12,8.6,62.2,0,highway,clear
T00301,V003,2024-09-19 00:28:51.462925852,42,8.8,29.8,0,highway,rain
T00302,V001,2024-09-19 09:16:57.234468938,180,97.2,45.9,0,mixed,rain
T00303,V001,2024-09-19 18:05:03.006012024,24,17.8,51.4,1,city,rain
T00304,V012,2024-09-20 02:53:08.777555110,27,18.7,55.4,0,city,clear
T00305,V011,2024-09-20 11:41:14.549098196,11,34.1,47.6,0,city,fog
T00306,V003,2024-09-20 20:29:20.320641282,7,15.5,39.5,0,city,fog
T00307,V006,2024-09-21 05:17:26.092184368,54,9.4,32.6,0,city,rain
T00308,V007,2024-09-21 14:05:31.863727454,7,10.0,46.3,0,city,clear
T00309,V006,2024-09-21 22:53:37.635270540,21,11.3,28.9,1,city,clear
T00310,V006,2024-09-22 07:41:43.406813628,11,11.7,10.0,0,highway,clear
T00311,V006,2024-09-22 16:29:49.178356714,35,25.2,51.5,0,city,rain
T00312,V003,2024-09-23 01:17:54.949899800,29,12.8,58.6,0,city,clear
T00313,V006,2024-09-23 10:06:00.721442886,69,25.3,10.0,0,mixed,clear
T00314,V008,2024-09-23 18:54:06.492985972,10,11.2,29.9,0,city,fog
T00315,V011,2024-09-24 03:42:12.264529058,14,13.2,54.3,0,city,fog
T00316,V011,2024-09-24 12:30:18.036072144,6,2.0,75.9,0,highway,fog
T00317,V002,2024-09-24 21:18:23.807615230,11,30.5,45.3,0,city,clear
T00318,V005,2024-09-25 06:06:29.579158316,31,17.2,34.1,0,highway,rain
T00319,V001,2024-09-25 14:54:35.350701402,49,33.0,42.3,0,highway,clear
T00320,V012,2024-09-25 23:42:41.122244488,6,2.0,65.6,0,highway,clear
T00321,V001,2024-09-26 08:30:46.893787576,57,98.3,35.3,1,city,clear
T00322,V005,2024-09-26 17:18:52.665330662,102,10.6,33.0,0,highway,clear
T00323,V012,2024-09-27 02:06:58.436873748,32,36.9,37.8,0,highway,clear
T00324,V003,2024-09-27 10:55:04.208416834,180,4.3,30.7,1,mixed,fog
T00325,V004,2024-09-27 19:43:09.979959920,7,22.5,46.8,0,highway,clear
T00326,V003,2024-09-28 04:31:15.751503006,5,4.2,69.4,1,city,rain
T00327,V001,2024-09-28 13:19:21.523046092,5,6.5,49.8,0,city,clear
T00328,V001,2024-09-28 22:07:27.294589178,120,82.6,41.2,1,highway,clear
T00329,V012,2024-09-29 06:55:33.066132264,44,10.1,40.6,0,mixed,clear
T00330,V012,2024-09-29 15:43:38.837675350,18,15.1,21.6,0,highway,clear
T00331,V005,2024-09-30 00:31:44.609218436,28,29.1,58.2,0,city,clear
T00332,V006,2024-09-30 09:19:50.380761522,5,20.0,43.8,0,city,clear
T00333,V003,2024-09-30 18:07:56.152304610,180,14.2,42.3,1,city,clear
T00334,V012,2024-10-01 02:56:01.923847696,23,17.5,92.9,0,city,clear
T00335,V009,2024-10-01 11:44:07.695390782,22,134.7,49.5,0,highway,clear
T00336,V005,2024-10-01 20:32:13.466933868,47,11.5,33.7,0,highway,fog
T00337,V008,2024-10-02 05:20:19.238476954,35,14.9,38.6,0,city,clear
T00338,V001,2024-10-02 14:08:25.010020040,26,34.8,62.2,0,city,rain
T00339,V005,2024-10-02 22:56:30.781563126,7,36.8,46.7,2,mixed,rain
T00340,V003,2024-10-03 07:44:36.553106212,35,39.9,23.4,1,mixed,fog
T00341,V012,2024-10-03 16:32:42.324649298,180,23.1,58.8,1,mixed,fog
T00342,V001,2024-10-04 01:20:48.096192384,100,3.9,35.0,0,city,clear
T00343,V004,2024-10-04 10:08:53.867735470,135,62.4,73.1,0,highway,rain
T00344,V005,2024-10-04 18:56:59.639278556,10,3.9,61.2,0,mixed,fog
T00345,V007,2024-10-05 03:45:05.410821644,6,16.5,38.3,0,city,clear
T00346,V001,2024-10-05 12:33:11.182364730,17,5.7,64.2,0,highway,clear
T00347,V003,2024-10-05 21:21:16.953907816,21,11.4,46.0,0,mixed,clear
T00348,V002,2024-10-06 06:09:22.725450902,74,16.9,57.8,1,mixed,fog
T00349,V009,2024-10-06 14:57:28.496993988,5,16.8,52.3,0,city,fog
T00350,V010,2024-10-06 23:45:34.268537074,125,18.6,32.3,2,highway,clear
T00351,V006,2024-10-07 08:33:40.040080160,16,61.2,35.3,1,highway,clear
T00352,V010,2024-10-07 17:21:45.811623246,12,19.2,60.4,1,mixed,clear
T00353,V003,2024-10-08 02:09:51.583166332,5,9.5,40.0,0,mixed,clear
T00354,V008,2024-10-08 10:57:57.354709418,5,31.9,38.9,0,highway,snow
T00355,V008,2024-10-08 19:46:03.126252504,53,40.0,30.7,0,highway,clear
T00356,V002,2024-10-09 04:34:08.897795592,21,3.6,51.4,0,mixed,clear
T00357,V006,2024-10-09 13:22:14.669338678,5,22.1,75.9,0,highway,clear
T00358,V007,2024-10-09 22:10:20.440881764,5,24.6,29.0,1,city,rain
T00359,V002,2024-10-10 06:58:26.212424850,13,9.0,45.4,0,mixed,clear
T00360,V011,2024-10-10 15:46:31.983967936,148,48.2,66.2,1,highway,rain
T00361,V010,2024-10-11 00:34:37.755511022,14,10.5,43.8,0,city,clear
T00362,V002,2024-10-11 09:22:43.527054108,5,13.8,51.8,0,highway,clear
T00363,V010,2024-10-11 18:10:49.298597194,14,10.2,29.1,0,highway,clear
T00364,V001,2024-10-12 02:58:55.070140280,14,12.4,51.4,0,mixed,clear
T00365,V008,2024-10-12 11:47:00.841683366,5,4.1,42.2,1,city,clear
T00366,V001,2024-10-12 20:35:06.613226452,18,2.9,59.8,0,mixed,fog
T00367,V009,2024-10-13 05:23:12.384769538,15,60.0,62.8,1,city,fog
T00368,V011,2024-10-13 14:11:18.156312626,46,5.2,83.8,0,highway,snow
T00369,V006,2024-10-13 22:59:23.927855712,180,4.5,53.7,0,highway,clear
T00370,V007,2024-10-14 07:47:29.699398798,77,2.0,49.9,0,highway,snow
T00371,V010,2024-10-14 16:35:35.470941884,14,6.4,47.9,0,highway,clear
T00372,V007,2024-10-15 01:23:41.242484970,5,3.2,39.7,0,highway,clear
T00373,V010,2024-10-15 10:11:47.014028056,180,62.9,50.1,0,highway,clear
T00374,V003,2024-10-15 18:59:52.785571142,21,33.4,40.6,1,city,clear
T00375,V002,2024-10-16 03:47:58.557114228,20,6.1,47.5,0,city,rain
T00376,V009,2024-10-16 12:36:04.328657314,19,115.9,64.8,0,city,clear
T00377,V008,2024-10-16 21:24:10.100200400,25,32.5,29.9,0,city,clear
T00378,V012,2024-10-17 06:12:15.871743486,16,8.8,62.1,0,highway,rain
T00379,V010,2024-10-17 15:00:21.643286572,10,2.0,64.8,0,highway,clear
T00380,V007,2024-10-17 23:48:27.414829660,10,120.4,43.2,1,city,clear
T00381,V009,2024-10-18 08:36:33.186372746,19,3.0,13.2,0,city,clear
T00382,V004,2024-10-18 17:24:38.957915832,10,2.4,35.9,0,highway,fog
T00383,V004,2024-10-19 02:12:44.729458918,8,33.9,64.5,0,mixed,fog
T00384,V001,2024-10-19 11:00:50.501002004,22,139.7,44.7,0,mixed,clear
T00385,V008,2024-10-19 19:48:56.272545090,14,48.6,30.0,0,city,clear
T00386,V012,2024-10-20 04:37:02.044088176,122,21.4,37.4,0,highway,clear
T00387,V003,2024-10-20 13:25:07.815631262,5,22.1,57.6,0,mixed,fog
T00388,V007,2024-10-20 22:13:13.587174348,74,28.6,53.2,2,city,clear
T00389,V012,2024-10-21 07:01:19.358717434,89,26.0,41.4,1,mixed,clear
T00390,V002,2024-10-21 15:49:25.130260520,5,16.1,39.5,1,mixed,clear
T00391,V002,2024-10-22 00:37:30.901803608,13,13.5,39.1,2,mixed,clear
T00392,V007,2024-10-22 09:25:36.673346694,12,11.4,31.2,1,city,clear
T00393,V006,2024-10-22 18:13:42.444889780,5,5.7,69.2,0,highway,fog
T00394,V003,2024-10-23 03:01:48.216432866,7,9.2,40.2,0,city,clear
T00395,V009,2024-10-23 11:49:53.987975952,5,2.2,63.3,0,city,clear
T00396,V010,2024-10-23 20:37:59.759519038,164,11.0,67.8,0,city,fog
T00397,V006,2024-10-24 05:26:05.531062124,61,4.5,60.0,0,highway,fog
T00398,V010,2024-10-24 14:14:11.302605210,92,4.0,38.5,1,highway,clear
T00399,V010,2024-10-24 23:02:17.074148296,47,14.6,51.1,1,mixed,clear
T00400,V006,2024-10-25 07:50:22.845691382,5,49.0,44.6,2,city,clear
T00401,V001,2024-10-25 16:38:28.617234468,10,30.5,31.4,1,mixed,fog
T00402,V004,2024-10-26 01:26:34.388777554,36,2.5,49.9,0,mixed,clear
T00403,V010,2024-10-26 10:14:40.160320642,5,4.5,27.3,0,city,fog
T00404,V006,2024-10-26 19:02:45.931863728,47,31.2,62.8,0,city,rain
T00405,V006,2024-10-27 03:50:51.703406814,15,4.6,38.0,0,mixed,clear
T00406,V011,2024-10-27 12:38:57.474949900,12,9.7,48.0,0,city,clear
T00407,V012,2024-10-27 21:27:03.246492986,47,21.1,49.2,0,city,clear
T00408,V005,2024-10-28 06:15:09.018036072,34,4.6,41.1,0,highway,clear
T00409,V001,2024-10-28 15:03:14.789579158,13,13.5,53.8,0,city,clear
T00410,V008,2024-10-28 23:51:20.561122244,80,3.2,37.9,1,city,rain
T00411,V005,2024-10-29 08:39:26.332665330,5,6.7,58.1,0,highway,snow
T00412,V012,2024-10-29 17:27:32.104208416,42,16.8,24.8,0,highway,clear
T00413,V012,2024-10-30 02:15:37.875751502,40,2.5,46.9,0,highway,rain
T00414,V012,2024-10-30 11:03:43.647294588,13,18.9,74.1,1,highway,clear
T00415,V005,2024-10-30 19:51:49.418837676,29,11.9,30.0,0,highway,clear
T00416,V007,2024-10-31 04:39:55.190380762,5,21.2,34.8,0,city,clear
T00417,V004,2024-10-31 13:28:00.961923848,60,15.2,52.7,0,mixed,rain
T00418,V006,2024-10-31 22:16:06.733466934,16,47.7,47.7,1,city,fog
T00419,V004,2024-11-01 07:04:12.505010020,10,13.8,50.3,0,highway,rain
T00420,V003,2024-11-01 15:52:18.276553106,70,7.9,52.3,0,highway,clear
T00421,V007,2024-11-02 00:40:24.048096192,8,13.8,54.5,0,city,clear
T00422,V008,2024-11-02 09:28:29.819639278,5,21.0,61.6,0,highway,clear
T00423,V004,2024-11-02 18:16:35.591182364,5,12.8,51.1,0,mixed,clear
T00424,V002,2024-11-03 03:04:41.362725450,41,12.7,41.4,0,city,fog
T00425,V012,2024-11-03 11:52:47.134268536,5,6.0,55.1,0,mixed,fog
T00426,V010,2024-11-03 20:40:52.905811624,164,6.3,73.5,0,highway,rain
T00427,V003,2024-11-04 05:28:58.677354710,5,3.0,43.0,2,city,clear
T00428,V001,2024-11-04 14:17:04.448897796,153,70.1,30.4,1,highway,clear
T00429,V008,2024-11-04 23:05:10.220440882,25,3.5,61.6,0,mixed,clear
T00430,V003,2024-11-05 07:53:15.991983968,17,6.1,43.2,1,city,clear
T00431,V012,2024-11-05 16:41:21.763527054,10,5.9,12.4,1,highway,clear
T00432,V010,2024-11-06 01:29:27.535070140,32,29.8,57.7,0,highway,rain
T00433,V007,2024-11-06 10:17:33.306613226,19,9.1,37.0,1,highway,rain
T00434,V010,2024-11-06 19:05:39.078156312,75,42.4,43.6,0,city,clear
T00435,V005,2024-11-07 03:53:44.849699398,23,6.2,50.0,0,highway,clear
T00436,V010,2024-11-07 12:41:50.621242484,24,16.1,47.9,0,city,clear
T00437,V005,2024-11-07 21:29:56.392785570,12,5.3,55.6,0,highway,clear
T00438,V007,2024-11-08 06:18:02.164328658,18,104.1,38.5,0,city,fog
T00439,V009,2024-11-08 15:06:07.935871744,29,3.7,52.7,1,mixed,clear
T00440,V012,2024-11-08 23:54:13.707414830,5,16.6,41.1,0,mixed,clear
T00441,V005,2024-11-09 08:42:19.478957916,5,23.0,56.1,0,mixed,clear
T00442,V001,2024-11-09 17:30:25.250501002,49,18.4,54.2,0,highway,fog
T00443,V010,2024-11-10 02:18:31.022044088,24,10.1,31.0,0,highway,clear
T00444,V010,2024-11-10 11:06:36.793587174,16,10.7,61.3,0,city,clear
T00445,V001,2024-11-10 19:54:42.565130260,20,12.7,37.0,1,highway,clear
T00446,V002,2024-11-11 04:42:48.336673346,30,10.5,57.1,1,city,rain
T00447,V006,2024-11-11 13:30:54.108216432,10,31.9,50.5,0,highway,snow
T00448,V009,2024-11-11 22:18:59.879759518,7,111.1,72.6,0,highway,clear
T00449,V008,2024-11-12 07:07:05.651302604,25,7.0,41.6,0,highway,fog
T00450,V005,2024-11-12 15:55:11.422845692,6,3.1,39.8,1,mixed,fog
T00451,V001,2024-11-13 00:43:17.194388778,32,11.2,44.7,0,highway,fog
T00452,V007,2024-11-13 09:31:22.965931864,5,160.7,40.5,3,city,rain
T00453,V005,2024-11-13 18:19:28.737474950,69,5.5,57.0,1,highway,rain
T00454,V006,2024-11-14 03:07:34.509018036,35,62.7,20.8,0,city,clear
T00455,V007,2024-11-14 11:55:40.280561122,27,65.2,29.2,0,highway,rain
T00456,V003,2024-11-14 20:43:46.052104208,65,7.0,29.0,0,mixed,clear
T00457,V012,2024-11-15 05:31:51.823647294,148,21.5,59.3,0,mixed,rain
T00458,V010,2024-11-15 14:19:57.595190380,67,62.1,70.7,0,highway,clear
T00459,V003,2024-11-15 23:08:03.366733466,5,8.3,43.4,1,mixed,rain
T00460,V005,2024-11-16 07:56:09.138276552,5,9.9,42.5,0,mixed,fog
T00461,V006,2024-11-16 16:44:14.909819640,9,6.8,46.1,0,mixed,clear
T00462,V009,2024-11-17 01:32:20.681362726,20,4.4,62.4,1,mixed,fog
T00463,V012,2024-11-17 10:20:26.452905812,37,6.4,31.1,0,highway,clear
T00464,V005,2024-11-17 19:08:32.224448898,8,3.6,48.6,1,city,fog
T00465,V001,2024-11-18 03:56:37.995991984,25,12.6,59.6,0,highway,clear
T00466,V004,2024-11-18 12:44:43.767535070,8,5.6,52.5,0,highway,clear
T00467,V005,2024-11-18 21:32:49.539078156,9,15.4,47.8,1,mixed,fog
T00468,V012,2024-11-19 06:20:55.310621242,5,2.6,60.0,0,highway,clear
T00469,V010,2024-11-19 15:09:01.082164328,6,17.0,10.0,1,city,fog
T00470,V010,2024-11-19 23:57:06.853707414,5,28.0,55.2,0,mixed,clear
T00471,V005,2024-11-20 08:45:12.625250500,6,2.0,35.2,0,mixed,clear
T00472,V007,2024-11-20 17:33:18.396793586,71,17.7,17.5,0,mixed,clear
T00473,V004,2024-11-21 02:21:24.168336674,6,41.6,52.7,0,highway,clear
T00474,V001,2024-11-21 11:09:29.939879760,180,3.6,65.6,1,highway,clear
T00475,V005,2024-11-21 19:57:35.711422846,36,64.9,42.9,0,city,clear
T00476,V007,2024-11-22 04:45:41.482965932,25,18.5,59.3,0,highway,clear
T00477,V010,2024-11-22 13:33:47.254509018,7,6.0,69.2,0,highway,clear
T00478,V010,2024-11-22 22:21:53.026052104,46,11.5,64.7,1,highway,snow
T00479,V006,2024-11-23 07:09:58.797595190,10,21.3,69.6,0,mixed,snow
T00480,V005,2024-11-23 15:58:04.569138276,23,13.1,56.1,0,city,clear
T00481,V004,2024-11-24 00:46:10.340681362,180,20.9,46.1,0,highway,rain
T00482,V002,2024-11-24 09:34:16.112224448,17,4.9,21.0,0,city,clear
T00483,V004,2024-11-24 18:22:21.883767534,79,14.4,41.3,0,highway,rain
T00484,V010,2024-11-25 03:10:27.655310622,8,3.0,32.4,1,highway,fog
T00485,V010,2024-11-25 11:58:33.426853708,19,10.9,77.6,0,mixed,fog
T00486,V003,2024-11-25 20:46:39.198396794,168,4.9,42.4,1,city,clear
T00487,V010,2024-11-26 05:34:44.969939880,9,5.8,46.8,0,mixed,rain
T00488,V001,2024-11-26 14:22:50.741482966,176,41.9,53.3,0,highway,clear
T00489,V008,2024-11-26 23:10:56.513026052,46,36.3,45.7,0,mixed,snow
T00490,V005,2024-11-27 07:59:02.284569138,10,22.4,70.4,0,city,clear
T00491,V004,2024-11-27 16:47:08.056112224,42,4.1,35.7,1,city,rain
T00492,V008,2024-11-28 01:35:13.827655310,64,8.9,47.9,0,city,rain
T00493,V007,2024-11-28 10:23:19.599198396,42,41.0,33.9,1,mixed,rain
T00494,V002,2024-11-28 19:11:25.370741482,5,14.0,25.2,2,city,clear
T00495,V001,2024-11-29 03:59:31.142284568,8,123.9,35.8,0,city,fog
T00496,V012,2024-11-29 12:47:36.913827656,14,18.1,44.4,0,mixed,clear
T00497,V011,2024-11-29 21:35:42.685370742,18,14.8,38.6,0,mixed,rain
T00498,V004,2024-11-30 06:23:48.456913828,42,8.9,34.6,0,city,clear
T00499,V008,2024-11-30 15:11:54.228456914,24,13.9,23.9,0,city,clear
T00500,V012,2024-12-01 00:00:00.000000000,5,10.5,43.8,0,highway,clear
